{
  "agreement": {
    "z_spearman_rho": 0.8848039215686275,
    "z_spearman_p": 2.3891646531097093e-06,
    "z_pearson_r": 0.8750682702832375,
    "z_pearson_p": 4.26349338485158e-06,
    "z_wilcoxon_W": 76.0,
    "z_wilcoxon_p": 1.0,
    "z_mean_signed_diff_addr_minus_cooc": 0.019276838742888856,
    "z_median_signed_diff": -0.019064801929920605,
    "raw_spearman_rho": 0.9093137254901962,
    "raw_spearman_p": 4.274417714447827e-07,
    "raw_pearson_r": 0.9270780222511119,
    "raw_pearson_p": 8.782859146727974e-08,
    "raw_wilcoxon_W": 73.0,
    "raw_wilcoxon_p": 0.8899688720703125,
    "raw_mean_signed_diff": -0.001926051483016152,
    "raw_median_signed_diff": 0.012092710782667104
  },
  "h1_panels": {
    "addr_raw": {
      "label": "addressee raw (recomputed)",
      "n_F": 8,
      "n_M": 9,
      "median_F": 0.21401032450771904,
      "median_M": 0.7774566473988439,
      "mean_F": 0.3422459789436799,
      "mean_M": 0.7192198426812973,
      "mw_two_sided": {
        "U": 10.0,
        "p": 0.011106540518305223
      },
      "mw_one_sided_F<M": {
        "U": 10.0,
        "p": 0.005553270259152612
      },
      "rank_biserial": 0.7222222222222222,
      "cliffs_delta": -0.7222222222222222,
      "perm_median": {
        "obs_diff": -0.5634463228911248,
        "p_two_sided": 0.0012,
        "p_one_sided_x_less_y": 0.0012,
        "null_mean": -0.011213645501850705,
        "null_std": 0.20634947270323223
      },
      "perm_mean": {
        "obs_diff": -0.37697386373761743,
        "p_two_sided": 0.0079,
        "p_one_sided_x_less_y": 0.0039,
        "null_mean": 0.00031674948422845937,
        "null_std": 0.14677099066193605
      },
      "boot_median_diff_ci": {
        "diff_point": -0.5634463228911248,
        "ci_lo": -0.7390858782537405,
        "ci_hi": -0.00471877523158748,
        "boot_mean": -0.45168942485729546
      },
      "boot_mean_diff_ci": {
        "diff_point": -0.37697386373761743,
        "ci_lo": -0.5836686891659496,
        "ci_hi": -0.14912606023569053,
        "boot_mean": -0.37560346717776766
      }
    },
    "addr_z": {
      "label": "addressee z (label-shuffled null)",
      "n_F": 8,
      "n_M": 9,
      "median_F": 0.009939590578868361,
      "median_M": 0.06695885824329378,
      "mean_F": -0.08722082296488569,
      "mean_M": 0.03700903021812737,
      "mw_two_sided": {
        "U": 35.0,
        "p": 0.9625668449197862
      },
      "mw_one_sided_F<M": {
        "U": 35.0,
        "p": 0.4812834224598931
      },
      "rank_biserial": 0.02777777777777779,
      "cliffs_delta": -0.027777777777777776,
      "perm_median": {
        "obs_diff": -0.05701926766442542,
        "p_two_sided": 0.8287,
        "p_one_sided_x_less_y": 0.4214,
        "null_mean": -0.02327297720818084,
        "null_std": 0.4928892136741451
      },
      "perm_mean": {
        "obs_diff": -0.12422985318301305,
        "p_two_sided": 0.7355,
        "p_one_sided_x_less_y": 0.3683,
        "null_mean": 0.001093375002227724,
        "null_std": 0.365321878694545
      },
      "boot_median_diff_ci": {
        "diff_point": -0.05701926766442542,
        "ci_lo": -1.177245352735623,
        "ci_hi": 1.0763729876390034,
        "boot_mean": -0.15563518041927907
      },
      "boot_mean_diff_ci": {
        "diff_point": -0.12422985318301305,
        "ci_lo": -0.7969840020994342,
        "ci_hi": 0.5393547648430348,
        "boot_mean": -0.12372444521348475
      }
    },
    "cooc_raw": {
      "label": "co-occurrence raw",
      "n_F": 8,
      "n_M": 9,
      "median_F": 0.23693054518297235,
      "median_M": 0.7083333333333334,
      "mean_F": 0.34141298794523145,
      "mean_M": 0.72359837637006,
      "mw_two_sided": {
        "U": 7.0,
        "p": 0.0037021801727684074
      },
      "mw_one_sided_F<M": {
        "U": 7.0,
        "p": 0.0018510900863842037
      },
      "rank_biserial": 0.8055555555555556,
      "cliffs_delta": -0.8055555555555556,
      "perm_median": {
        "obs_diff": -0.471402788150361,
        "p_two_sided": 0.0051,
        "p_one_sided_x_less_y": 0.0042,
        "null_mean": -0.0066287212513784066,
        "null_std": 0.1605564029720861
      },
      "perm_mean": {
        "obs_diff": -0.3821853884248285,
        "p_two_sided": 0.0011,
        "p_one_sided_x_less_y": 0.0007,
        "null_mean": -0.0001828272538403458,
        "null_std": 0.12900441426328263
      },
      "boot_median_diff_ci": {
        "diff_point": -0.471402788150361,
        "ci_lo": -0.6106346483704974,
        "ci_hi": -0.1313357185450208,
        "boot_mean": -0.4187021962585186
      },
      "boot_mean_diff_ci": {
        "diff_point": -0.3821853884248285,
        "ci_lo": -0.5504640145517338,
        "ci_hi": -0.2036612864948657,
        "boot_mean": -0.38082258488173365
      }
    },
    "cooc_z": {
      "label": "co-occurrence z (label-shuffled null)",
      "n_F": 8,
      "n_M": 9,
      "median_F": -0.16198379395379903,
      "median_M": 0.0,
      "mean_F": -0.17089061198855204,
      "mean_M": 0.0749703695025963,
      "mw_two_sided": {
        "U": 29.0,
        "p": 0.5414232825997531
      },
      "mw_one_sided_F<M": {
        "U": 29.0,
        "p": 0.27071164129987657
      },
      "rank_biserial": 0.19444444444444442,
      "cliffs_delta": -0.19444444444444445,
      "perm_median": {
        "obs_diff": -0.16198379395379903,
        "p_two_sided": 0.8219,
        "p_one_sided_x_less_y": 0.4204,
        "null_mean": 0.007575528602032075,
        "null_std": 0.6671145684100089
      },
      "perm_mean": {
        "obs_diff": -0.24586098149114835,
        "p_two_sided": 0.5429,
        "p_one_sided_x_less_y": 0.2712,
        "null_mean": -0.00023021706267398442,
        "null_std": 0.3908923083838316
      },
      "boot_median_diff_ci": {
        "diff_point": -0.16198379395379903,
        "ci_lo": -1.2928880699719674,
        "ci_hi": 0.9024697320502031,
        "boot_mean": -0.15474782695524833
      },
      "boot_mean_diff_ci": {
        "diff_point": -0.24586098149114835,
        "ci_lo": -0.9664352887012884,
        "ci_hi": 0.4735972075075327,
        "boot_mean": -0.24221864528275838
      }
    }
  },
  "reciprocity_panel": {
    "label": "addressee edge-reciprocity",
    "n_F": 8,
    "n_M": 9,
    "median_F": 0.7877551020408163,
    "median_M": 0.8,
    "mean_F": 0.7775672352147508,
    "mean_M": 0.7648649534589276,
    "mw_two_sided": {
      "U": 38.0,
      "p": 0.8883587001234061
    },
    "mw_one_sided_F<M": {
      "U": 38.0,
      "p": 0.5925956396544632
    },
    "rank_biserial": -0.05555555555555558,
    "cliffs_delta": 0.05555555555555555,
    "perm_median": {
      "obs_diff": -0.01224489795918371,
      "p_two_sided": 0.9824,
      "p_one_sided_x_less_y": 0.571,
      "null_mean": -0.002506020292448869,
      "null_std": 0.07994709715026198
    },
    "perm_mean": {
      "obs_diff": 0.01270228175582322,
      "p_two_sided": 0.8324,
      "p_one_sided_x_less_y": 0.5858,
      "null_mean": 4.75041519330726e-05,
      "null_std": 0.05822157965432485
    },
    "boot_median_diff_ci": {
      "diff_point": -0.01224489795918371,
      "ci_lo": -0.15714285714285714,
      "ci_hi": 0.2169934640522876,
      "boot_mean": 0.018769120926830255
    },
    "boot_mean_diff_ci": {
      "diff_point": 0.01270228175582322,
      "ci_lo": -0.09780837450589185,
      "ci_hi": 0.12145622713769545,
      "boot_mean": 0.012352251787469534
    }
  },
  "test1_phantom": {
    "agg_only_cooc": {
      "FF": 43,
      "MM": 137,
      "cross": 136
    },
    "agg_only_addr": {
      "FF": 8,
      "MM": 44,
      "cross": 32
    },
    "agg_both": {
      "FF": 32,
      "MM": 116,
      "cross": 115
    },
    "share_same_phantom": 0.569620253164557,
    "share_same_addr_only": 0.6190476190476191,
    "share_same_both": 0.5627376425855514,
    "chi2": 0.006753440403521577,
    "chi2_p": 0.9345041191860495,
    "dof": 1
  },
  "test3_keystone": {
    "agree_rate": 0.47058823529411764,