{
  "betw_raw_panel": {
    "label": "protag_betweenness (raw)",
    "n_F": 8,
    "n_M": 9,
    "median_F": 0.65055,
    "median_M": 0.5606,
    "mean_F": 0.625925,
    "mean_M": 0.5501666666666667,
    "mw_two_sided": {
      "U": 48.0,
      "p": 0.2765939942410531
    },
    "mw_one_sided_F<M": {
      "U": 48.0,
      "p": 0.8820649938296997
    },
    "rank_biserial": -0.33333333333333326,
    "cliffs_delta": 0.3333333333333333,
    "perm_median": {
      "obs_diff": 0.08994999999999997,
      "p_two_sided": 0.3419,
      "p_one_sided_x_less_y": 0.8497,
      "null_mean": -0.003992195000000004,
      "null_std": 0.08933637244468869
    },
    "perm_mean": {
      "obs_diff": 0.07575833333333326,
      "p_two_sided": 0.4014,
      "p_one_sided_x_less_y": 0.8053,
      "null_mean": -0.0015033115277777798,
      "null_std": 0.08620862020157134
    },
    "boot_median_diff_ci": {
      "diff_point": 0.08994999999999997,
      "ci_lo": -0.09545000000000003,
      "ci_hi": 0.33949999999999997,
      "boot_mean": 0.10061241999999997
    },
    "boot_mean_diff_ci": {
      "diff_point": 0.07575833333333326,
      "ci_lo": -0.08173774305555563,
      "ci_hi": 0.2261132291666666,
      "boot_mean": 0.07627653402777773
    }
  },
  "betw_z_panel": {
    "label": "protag_betw_z (cast-adjusted)",
    "n_F": 8,
    "n_M": 9,
    "median_F": 1.3505,
    "median_M": 1.412,
    "mean_F": 1.4031250000000002,
    "mean_M": 0.8457777777777779,
    "mw_two_sided": {
      "U": 44.0,
      "p": 0.4807075277663513
    },
    "mw_one_sided_F<M": {
      "U": 44.0,
      "p": 0.7882764294529
    },
    "rank_biserial": -0.22222222222222232,
    "cliffs_delta": 0.2222222222222222,
    "perm_median": {
      "obs_diff": -0.06149999999999989,
      "p_two_sided": 0.9914,
      "p_one_sided_x_less_y": 0.5032,
      "null_mean": -0.021550800000000016,
      "null_std": 0.752351549014615
    },
    "perm_mean": {
      "obs_diff": 0.5573472222222223,
      "p_two_sided": 0.4483,
      "p_one_sided_x_less_y": 0.7757,
      "null_mean": 0.0014629472222222233,
      "null_std": 0.6966033160075136
    },
    "boot_median_diff_ci": {
      "diff_point": -0.06149999999999989,
      "ci_lo": -1.395,
      "ci_hi": 2.4475,
      "boot_mean": 0.1526695999999999
    },
    "boot_mean_diff_ci": {
      "diff_point": 0.5573472222222223,
      "ci_lo": -0.6443260416666664,
      "ci_hi": 1.8798670138888878,
      "boot_mean": 0.5560768347222221
    }
  },
  "quadrant_crosstab": {
    "F": {
      "HighBridge_HighEmbed": 4,
      "HighBridge_LowEmbed": 3,
      "LowBridge_HighEmbed": 0,
      "LowBridge_LowEmbed": 1
    },
    "M": {
      "HighBridge_HighEmbed": 4,
      "HighBridge_LowEmbed": 2,
      "LowBridge_HighEmbed": 2,
      "LowBridge_LowEmbed": 1
    }
  },
  "keystone_crosstab": {
    "F": {
      "F": 3,
      "M": 2,
      "Total": 5
    },
    "M": {
      "F": 5,
      "M": 7,
      "Total": 12
    },
    "Total": {
      "F": 8,
      "M": 9,
      "Total": 17
    }
  },
  "keystone_diff_crosstab": {
    "0": {
      "F": 3,
      "M": 7
    },
    "1": {
      "F": 5,
      "M": 2
    }
  },
  "fisher_p": 0.15343480049362404,
  "fisher_odds": 0.17142857142857143,
  "components_panel": {
    "label": "components_after_removal",
    "n_F": 8,
    "n_M": 9,
    "median_F": 2.0,
    "median_M": 3.0,
    "mean_F": 1.875,
    "mean_M": 2.6666666666666665,
    "mw_two_sided": {
      "U": 25.0,
      "p": 0.3212669683257919
    },
    "mw_one_sided_F<M": {
      "U": 25.0,
      "p": 0.16063348416289594
    },
    "rank_biserial": 0.3055555555555556,
    "cliffs_delta": -0.3055555555555556,
    "perm_median": {
      "obs_diff": -1.0,
      "p_two_sided": 0.3833,
      "p_one_sided_x_less_y": 0.2256,
      "null_mean": -0.0109,
      "null_std": 0.9265889308127259
    },
    "perm_mean": {
      "obs_diff": -0.7916666666666665,
      "p_two_sided": 0.2553,
      "p_one_sided_x_less_y": 0.1395,
      "null_mean": 0.0031541666666666415,
      "null_std": 0.6163814216502784
    },
    "boot_median_diff_ci": {
      "diff_point": -1.0,
      "ci_lo": -2.5,
      "ci_hi": 1.0,
      "boot_mean": -0.81555
    },
    "boot_mean_diff_ci": {
      "diff_point": -0.7916666666666665,
      "ci_lo": -1.8611111111111112,
      "ci_hi": 0.25,
      "boot_mean": -0.7903402777777777
    }
  },
  "global_metrics": {
    "density": {
      "label": "density",
      "n_F": 8,
      "n_M": 9,
      "median_F": 0.2227,
      "median_M": 0.1648,
      "mean_F": 0.20458749999999998,
      "mean_M": 0.1678777777777778,
      "mw_two_sided": {
        "U": 45.0,
        "p": 0.4234471410941999
      },
      "mw_one_sided_F<M": {
        "U": 45.0,
        "p": 0.8148087206910737
      },
      "rank_biserial": -0.25,
      "cliffs_delta": 0.25,
      "perm_median": {
        "obs_diff": 0.05790000000000001,
        "p_two_sided": 0.4523,
        "p_one_sided_x_less_y": 0.7891,
        "null_mean": 9.156500000000575e-05,
        "null_std": 0.06000435007400343
      },
      "perm_mean": {
        "obs_diff": 0.036709722222222185,
        "p_two_sided": 0.2968,
        "p_one_sided_x_less_y": 0.8494,
        "null_mean": 0.0004906555555555547,
        "null_std": 0.03432132130416158
      },
      "boot_median_diff_ci": {
        "diff_point": 0.05790000000000001,
        "ci_lo": -0.058849999999999986,
        "ci_hi": 0.1325,
        "boot_mean": 0.051233675000000006
      },
      "boot_mean_diff_ci": {
        "diff_point": 0.036709722222222185,
        "ci_lo": -0.02665229166666667,
        "ci_hi": 0.09794034722222225,
        "boot_mean": 0.036269955138888886
      }
    },
    "reciprocity": {
      "label": "reciprocity",
      "n_F": 8,
      "n_M": 9,
      "median_F": 0.7686999999999999,
      "median_M": 0.8,
      "mean_F": 0.7688625,
      "mean_M": 0.7648666666666667,
      "mw_two_sided": {
        "U": 36.0,
        "p": 1.0
      },
      "mw_one_sided_F<M": {
        "U": 36.0,
        "p": 0.518716577540107
      },
      "rank_biserial": 0.0,
      "cliffs_delta": 0.0,
      "perm_median": {
        "obs_diff": -0.031300000000000106,
        "p_two_sided": 0.7334,
        "p_one_sided_x_less_y": 0.4052,
        "null_mean": -0.0008772750000000165,
        "null_std": 0.0885806747824765
      },
      "perm_mean": {
        "obs_diff": 0.00399583333333331,
        "p_two_sided": 0.9458,
        "p_one_sided_x_less_y": 0.5257,
        "null_mean": 0.00015317694444445245,
        "null_std": 0.0584714335550207
      },
      "boot_median_diff_ci": {
        "diff_point": -0.031300000000000106,
        "ci_lo": -0.16790000000000005,
        "ci_hi": 0.19790000000000008,
        "boot_mean": 0.003500269999999973
      },
      "boot_mean_diff_ci": {
        "diff_point": 0.00399583333333331,
        "ci_lo": -0.10688666666666645,
        "ci_hi": 0.11398902777777785,
        "boot_mean": 0.003598527777777818
      }
    },
    "avg_path_len": {
      "label": "avg_path_len",
      "n_F": 8,
      "n_M": 9,
      "median_F": 2.1008,
      "median_M": 2.0758,
      "mean_F": 2.0477250000000002,
      "mean_M": 2.1289888888888893,
      "mw_two_sided": {
        "U": 33.0,
        "p": 0.8148087206910737
      },
      "mw_one_sided_F<M": {
        "U": 33.0,
        "p": 0.40740436034553684
      },
      "rank_biserial": 0.08333333333333337,
      "cliffs_delta": -0.08333333333333333,
      "perm_median": {
        "obs_diff": 0.02499999999999991,
        "p_two_sided": 0.6532,
        "p_one_sided_x_less_y": 0.6424,
        "null_mean": 0.0001327500000000035,
        "null_std": 0.09368632196660234
      },
      "perm_mean": {
        "obs_diff": -0.08126388888888902,
        "p_two_sided": 0.4801,
        "p_one_sided_x_less_y": 0.2333,
        "null_mean": 0.0021263102777777628,
        "null_std": 0.11242910037506365
      },
      "boot_median_diff_ci": {
        "diff_point": 0.02499999999999991,
        "ci_lo": -0.43130000000000024,
        "ci_hi": 0.17989999999999995,